Accessories set:RUBBER ANIMALS,Esther set 2pcs,Esther set 2pcs
Alice band:XMAS Deer aliceband,HW Devil aliceband,XMAS santa aliceband
Baby Bib:DIDIER BASIC 6PACK,DIDIER BASIC 6PACK,DIDIER BASIC 6PACK
Backpack:NAV MINI BACK PACK,NAV MINI BACK PACK,NAV MINI BACK PACK
Bag:Fix it tote bag,Fix it tote bag,FANTASTIC SHOPPER
Ballerinas:GLASSIG ESPADRILLE,GLASSIG ESPADRILLE,GLASSIG ESPADRILLE
Beanie:Pack Premium 2-Set,Pack Premium 2-Set,Pack 3-Set
Belt:Austin basic leather hip belt,Austin basic leather hip belt,Austin basic leather hip belt
Bikini top:FIFTY SHADES moulded halternec,PICKUP ARTIST top,WIDEAWAKE triangle
Blanket:WAFFLES 2p swaddle
Blazer:Matt black SF regular fit blz,Manson SF slim fit blazer,Manson SF slim fit blazer
Blouse:Jerry singoalla top,Midge top,Dawn tee
Bodysuit:Tanktop body white 3PACK,Tanktop body white 3PACK,3P TANKTOP BODY
Bootie:JOHN bootie,JOHN bootie,JOHN bootie
Boots:Eva chelsea boot,Berlin boot,JOAN SUEDE BOOT
Bra:OP T-shirt (Idro),OP T-shirt (Idro),OP T-shirt (Idro)
Bra extender:Bra Extender
Bracelet:Ralf Anchor Wrap Around,Bracelet Lincoln CO,Lincoln Itlay String Bracelet
Braces:Braces Basic 3-clip,Braces Basic 3-clip,Braces Pickles
Bucket hat:LULU BUCKET HAT(1),Hat Bucket Reno Reversible,Hat Bucket Reno cotton
Bumbag:CROSSBODY BAG(1)
Cap:PAM CANVAS CAP,Cap Eazy Application,Cap Eazy Suede Mix C
Cap/peaked:Frode outdoor beanie,Frode outdoor beanie,Cap Paco Solid CO
Cardigan:Norling Knit,Nora Cardigan,Nora Cardigan
Chem. cosmetics:Nailpolish set,Halloween face stickers,Face sticker.
Clothing mist:TC - SHOE SHAME SHIELD
Coat:Pablo coat,Pablo coat,Pablo coat
Costumes:HM+ Cora tee,HM+ Cora tee,SB Onesie Own
Cross-body bag:ELIN BOXY SMALL BAG,Bag Morgan crossbody,Hannah padded cross bag
Cushion:MIGHETTO CHARACTER pillow
Dog Wear:OL Dog Lollo Knitted,OL Dog Lollo Knitted,OL Dog Owe Knitted
Dog wear:Dog Wax Coat,Dog Lucy Knitted,Dog Totto knitted
Dress:Knit dress,Rihanna dress,Alcazar strap dress
Dungarees:Dungaree Alicia,Dungaree Alicia,Dungaree Dress
Earring:Basic 4pk studs,Flirty Chantal earring,Flirty Chantal earring
Earrings:Class Ziggy hoop,Class Cilla hoop,Class Cilla hoop
Eyeglasses:Clear Glasses Yann,Clear Glasses Jimmy (1)
Felt hat:Hat Frank Fedora(1),Hat Frank Fedora(1),Hat Frank Fedora(1)
Fine cosmetics:Lip balm unicorn,Lip balm unicorn,Lip balm unicorn
Flat shoe:OL LINUS PQ loafer,OL LINUS PQ loafer,OL LINUS PQ loafer
Flat shoes:Preston carshoe,Preston carshoe,Preston carshoe
Flip flop:Flipflop solid,Flipflop solid,Flipflop solid
Garment Set:THEA set,DANTE set,DANTE set
Giftbox:Pack Premium 2-Set,Gift Pack.,Urika USB
Gloves:Paris glove.,Paris glove.,Paris glove.
Hair clip:2p Claw,2p Claw,2p Claw
Hair string:Hair Ring,Hair Ring,10p Terry w.o. Clip
Hair ties:10p Large terry,5p Plastic Terry,5p Plastic Terry
Hair/alice band:2 Row Braided Headband (1),2 Row Braided Headband (1),2 Row Braided Headband (1)
Hairband:Karin headband,Kim jersey headband
Hat/beanie:Neo running beanie,Frode outdoor beanie,Pinocchio hat
Hat/brim:Hat Fredrik Paper Straw,Hat Fredrik Paper Straw,ELLEN Sunhat
Headband:Helen Headband
Heeled sandals:Ami sandalette,OL JINGLE sandalette,Mary DTP
Heels:Trinny Heel,Paloma Heel,Paloma
Hoodie:Mr Harrington w/hood,Mr Harrington w/hood,Mr Harrington w/hood
Jacket:Kevin softshell jacket (1),Kevin softshell jacket,Kevin softshell jacket (1)
Jumpsuit/Playsuit:Basic overall,Basic overall,Basic overall
Keychain:Wallet Chain Grommit
Kids Underwear top:METS 2-p basic shorttop,METS 2-p basic shorttop,METS 2-p shorttop
Leg warmers:Lola Legwarmer,Lola Legwarmer,Lola Legwarmer
Leggings/Tights:Shape Up 30 den 1p Tights,Babette long,Babette long
Long John:Adam 2-p Long J SB,TP Adam 2-p Long J SB,TP Adam 2-p Long J SB
Marker pen:TC - TEXTILE MARKER FC,TC - TEXTILE MARKER FC,TC - TEXTILE MARKER FC
Mobile case:Classic Penny SS Phone case,Classic Penny SS Phone case,Classic Penny SS Phone case
Moccasins:Billy Softie,Johan softie,Johan softie
Necklace:Sofia Simple Choker,Basic Ronaldo necklace,Basic Ronaldo necklace
Night gown:Nina Nightshirt (W),Iwa Nightslip (J),Iwa Nightslip (J)
Nipple covers:Adhesive Nipple Covers 1pk,Bikini silicon push up pads,Laundry bag 2pk
Other accessories:Braces Tweed 3-Clip,Braces Tweed 3-Clip,Braces Tweed 3-Clip
Other shoe:Al Car Shoe,Al Car Shoe,Akoni Flatshoe
Outdoor Waistcoat:Spinache,LUSH vest,JONNA vest
Outdoor overall:HoneyMelon,Twisted pile overall,Poppy
Outdoor trousers:Holger Basic Tights (1),SB Eric Rain pants,SB Mountain pants
Polo shirt:Peggy polo,Peggy polo,Peggy polo
Pre-walkers:Kaa bootie
Pumps:Rhea pump,Alcor PQ pump,Kendall pumps
Pyjama bottom:Viola trs (W),Viola trs (W),Virginie shorts 2p (K)
Pyjama jumpsuit/playsuit:Velour pyjama,Velour pyjama,FLEECE PYJAMA
Pyjama set:Janet SL (W),Janet SL (W),Janet SL (W)
Ring:Ring Pack Jose,Flirty Cia ringpk,Flirty Cia ringpk
Robe:DIVA ROBE,DIVA ROBE,DIVA ROBE
Sandals:Harris cross sandal PQ,Pontus Espadrill.,Pontus Espadrill.
Sarong:SB Towel Cape License,Beach Towel,B Sassy Sarong
Scarf:RENEE REVERSABLE SCARF,Cobra Tube.,Cobra Tube.
Sewing kit:TC - sewing kit
Shirt:Bryn Flanel Check,Bryn Flanel Check,Bryn Flanel Check
Shorts:Basic shorts,CALVIN running shorts,Brandon denim cropped
Shoulder bag:Sara hobo bag,Sara hobo bag
Side table:TC DETERGENT BLACK (1),TC DETERGENT DELICATE (1),TC DETERGENT COLOR (1)
Skirt:Jodi skirt,Raven skirt,Raven skirt
Sleep Bag:Sleep bag padded,Sleep bag padded,Sleep bag padded
Sleeping sack:Sleep bag velour,Thin sleeping bag,Thin sleeping bag
Slippers:Steve Slipper,Steve Slipper,Steve Slipper
Sneakers:Mimmi sneaker,Mimmi sneaker,Mimmi sneaker
Socks:20 den 1p Stockings,Nouvelle 1p Stay Up,Box 4p Socks
Soft Toys:Furry friends snap bracelet,Fur Friends,Fur Friends
Stain remover spray:TC - SHOE SHAME KIT,TC - SHOE SHAME REMEMBER WHITE
Straw hat:Hat Fredrik Paper Straw,BILLIE STRAW HAT,BILLIE STRAW HAT
Sunglasses:Coolio sunglasses,Coolio sunglasses,Coolio sunglasses
Sweater:SWEATSHIRT  OC,SWEATSHIRT  OC,Dorian l/s basic
Swimsuit:Spanx alot shape Swimsuit,SPANX ALOT swimsuit (1),SPANX ALOT swimsuit (1)
Swimwear bottom:FIFTY SHADES  tie brief,PICKUP ARTIST cheeky brief,WIDEAWAKE tie tanga
Swimwear set:HANA Lace Bikini,HANA Lace Bikini,HANA Lace Bikini
Swimwear top:SB UV Shirt LS,BB UV Raglan,JUNGLE UV SET
T-shirt:Nora tee,BERTIL Basic 2-pack S/S SB,Linni tee (1)
Tailored Waistcoat:Dave waistcoat,Dave waistcoat,Dave waistcoat
Tie:Bowtie Kalle,Bowtie Kalle,Bowtie Kalle
Top:Frugan longsleeve,Dorian l/s basic,KOMPIS 2-pack L/S
Tote bag:Selena shopper (1),Taylor shopper
Towel:TOWEL cape(1)
Toy:HLW MASK OWN,HLW Bucket
Trousers:Jerry jogger bottoms,Jerry jogger bottoms,Jerry jogger bottoms
Umbrella:Black Umbrella,UMBRELLA,UMBRELLA
Underdress:Dita dress,Dita Slip Dress,Dita Slip Dress
Underwear Tights:20 den 1p Stockings,Support 40 den 1p Tights,200 den 1p Tights
Underwear body:Harrison SP Body,Seamless biker body BIG FM,Charlotte Soft  Body
Underwear bottom:Robin 3pk solid,Chris 3pk solid,Hilly Biker 2pk LT
Underwear corset:Nala corset,Heartbreaker corset,Morticia corset
Underwear set:Piper suspender,Piper susperderbelt,Riley set
Unknown:Box 4p Socks,OP Cheeky hipster 2p,OP Cheeky hipster 2p
Vest top:Strap top,Strap top,Strap top (1)
Wallet:Kia Wallet,Michaela wallet big,Michaela wallet big
Washing bag:TC - LAUNDRYBAG MICROPLASTIC
Watch:Cool Vesper watch,Classic Vesper watch,Classic Vesper watch
Waterbottle:TREKK,Todd Waterbottle,SPY glass bottle
Wedge:Bilbuk wedge,Bilbuk wedge,Mia espadrille wedge
Weekend/Gym bag:Weekend Bag Paul PU,Weekend Bag Paul PU,MINDY SHOPPER
Wireless earphone case:Air pod cases,Air pod cases
Wood balls:TC - cederwood rings
Zipper head:TC - ZIPPER PLASTIC L,TC - ZIPPER METAL L,TC - ZIPPER NARROW XS
